{
    "r01": [
        178.21,
        43.46
    ],
    "beta1": [
        0.75,
        0.16
    ],
    "A1": [
        0.99,
        0.43
    ],
    "r02": [
        423.14,
        364.98
    ],
    "beta2": [
        1.09,
        0.26
    ],
    "A2": [
        0.46,
        0.43
    ],
    "norm1": [
        0.0017175,
        5.88e-05
    ],
    "Abundanc": [
        0.355905,
        0.125528
    ],
    "kT": [
        12.4685,
        1.97064
    ]
}