{
    "R_0": [
        296.96985684000003,
        72.42191784
    ],
    "n_e0": [
        0.001579482630321808,
        0.0005784139427681998
    ],
    "M_gas(<1000 kpc)": 24964160481644.547,
    "M_gas_error": 8949890509482.475,
    "M_hydrostatic_profile": {
        "r_kpc": [
            10.0,
            14.974874371859297,
            19.949748743718594,
            24.924623115577887,
            29.899497487437188,
            34.874371859296474,
            39.849246231155774,
            44.824120603015075,
            49.79899497487437,
            54.77386934673367,
            59.748743718592955,
            64.72361809045225,
            69.69849246231155,
            74.67336683417085,
            79.64824120603015,
            84.62311557788944,
            89.59798994974874,
            94.57286432160804,
            99.54773869346734,
            104.52261306532662,
            109.49748743718591,
            114.47236180904522,
            119.44723618090451,
            124.4221105527638,
            129.3969849246231,
            134.3718592964824,
            139.3467336683417,
            144.32160804020097,
            149.2964824120603,
            154.27135678391957,
            159.24623115577887,
            164.22110552763817,
            169.19597989949747,
            174.17085427135675,
            179.14572864321607,
            184.12060301507535,
            189.09547738693465,
            194.07035175879395,
            199.04522613065328,
            204.02010050251255,
            208.99497487437185,
            213.96984924623115,
            218.94472361809048,
            223.91959798994975,
            228.89447236180905,
            233.86934673366835,
            238.84422110552762,
            243.81909547738692,
            248.79396984924625,
            253.76884422110552,
            258.74371859296485,
            263.7185929648241,
            268.6934673366834,
            273.6683417085427,
            278.643216080402,
            283.6180904522613,
            288.5929648241206,
            293.5678391959799,
            298.5427135678392,
            303.5175879396985,
            308.49246231155774,
            313.46733668341705,
            318.4422110552764,
            323.41708542713565,
            328.39195979899495,
            333.36683417085425,
            338.34170854271355,
            343.31658291457285,
            348.29145728643215,
            353.26633165829145,
            358.24120603015075,
            363.21608040201005,
            368.1909547738693,
            373.16582914572865,
            378.14070351758795,
            383.1155778894472,
            388.0904522613065,
            393.06532663316585,
            398.0402010050251,
            403.01507537688434,
            407.98994974874364,
            412.964824120603,
            417.93969849246224,
            422.91457286432154,
            427.8894472361809,
            432.86432160804014,
            437.8391959798994,
            442.81407035175874,
            447.78894472361804,
            452.7638190954773,
            457.73869346733665,
            462.71356783919595,
            467.6884422110552,
            472.66331658291455,
            477.6381909547738,
            482.6130653266331,
            487.58793969849245,
            492.5628140703517,
            497.537688442211,
            502.51256281407024,
            507.4874371859296,
            512.4623115577889,
            517.4371859296481,
            522.4120603015075,
            527.3869346733668,
            532.361809045226,
            537.3366834170854,
            542.3115577889446,
            547.2864321608039,
            552.2613065326633,
            557.2361809045225,
            562.2110552763818,
            567.1859296482412,
            572.1608040201004,
            577.1356783919597,
            582.110552763819,
            587.0854271356783,
            592.0603015075376,
            597.0351758793969,
            602.0100502512562,
            606.9849246231155,
            611.9597989949748,
            616.9346733668341,
            621.9095477386934,
            626.8844221105527,
            631.859296482412,
            636.8341708542713,
            641.8090452261306,
            646.7839195979899,
            651.7587939698491,
            656.7336683417085,
            661.7085427135678,
            666.683417085427,
            671.6582914572864,
            676.6331658291457,
            681.6080402010049,
            686.5829145728643,
            691.5577889447235,
            696.5326633165828,
            701.5075376884422,
            706.4824120603014,
            711.4572864321607,
            716.43216080402,
            721.4070351758793,
            726.3819095477386,
            731.3567839195979,
            736.3316582914572,
            741.3065326633165,
            746.2814070351758,
            751.2562814070351,
            756.2311557788944,
            761.2060301507537,
            766.180904522613,
            771.1557788944723,
            776.1306532663316,
            781.1055276381909,
            786.0804020100501,
            791.0552763819096,
            796.0301507537688,
            801.0050251256281,
            805.9798994974874,
            810.9547738693467,
            815.9296482412061,
            820.9045226130653,
            825.8793969849246,
            830.8542713567839,
            835.8291457286432,
            840.8040201005024,
            845.7788944723619,
            850.7537688442211,
            855.7286432160804,
            860.7035175879397,
            865.6783919597989,
            870.6532663316582,
            875.6281407035176,
            880.6030150753769,
            885.5778894472362,
            890.5527638190954,
            895.5276381909547,
            900.502512562814,
            905.4773869346734,
            910.4522613065327,
            915.427135678392,
            920.4020100502512,
            925.3768844221105,
            930.3517587939698,
            935.3266331658292,
            940.3015075376885,
            945.2763819095477,
            950.251256281407,
            955.2261306532663,
            960.2010050251255,
            965.175879396985,
            970.1507537688442,
            975.1256281407035,
            980.1005025125628,
            985.0753768844221,
            990.0502512562813,
            995.0251256281406,
            1000.0
        ],